regla_id,hoja,columna,validacion,evidencia,filas_afectadas,pct_afectado,impacto,tratamiento,justificacion,hipotesis_eda,estado
query.fila.01,query,fila,No hay filas duplicadas exactas,"2182 filas (14.4%); indicadores con más casos: Percepción: 1222, Disponibilidad: 675",2182,0.1437,"Infla conteos y pondera doble a equipos/cortes (202502, 202607).",excluir,Se conserva la primera ocurrencia; no aporta información nueva.,H02,propuesto
query.fila.02,query,fila,Percepción/Adopción 202502 vienen una fila por equipo (no por respuesta),"962 filas (6.3%); indicadores con más casos: Percepción: 874, Adopción: 88",962,0.0633,El equipo pesa según su número de respuestas; rompe el grano mensual.,corregir,Consolidar al grano equipo-mes con el promedio de respuestas.,H03,aprobado
query.fila.03,query,fila,Corte × Codigo_EQU × Indicador es única (casos no encuesta),"303 filas (2.0%); indicadores con más casos: Talento + Agilidad: 112, Índice AQR's: 88",303,0.0199,Ambigüedad sobre el valor oficial del mes.,corregir,Consolidar con el promedio y marcar la llave como consolidada.,H03,aprobado
query.Frente.01,query,Frente,Frente existe en el catálogo ('Talento + Agilidad' no existe: nombre 2023-2024),"2672 filas (17.6%); indicadores con más casos: Percepción: 1403, Adopción: 1217",2672,0.1759,El mismo frente aparece con dos nombres y corta la serie histórica.,corregir,Homologar a 'Modelos de trabajo y Agilidad'.,H11-H12,propuesto
query.Frente.02,query,Frente,Frente escrito sin errores ('Modeos de trabajo y Agilidad'),417 filas (2.7%); indicadores con más casos: Calidad estructura funcional: 417,417,0.0275,Tercer nombre del mismo frente.,corregir,Homologar a 'Modelos de trabajo y Agilidad'.,H11,propuesto
query.Corte.01,query,Corte,Cobertura de equipos estable por corte,"22 filas (0.1%); indicadores con más casos: Índice AQR's: 13, Regulatorio: 9",22,0.0014,El promedio del corte representa a pocos equipos.,marcar,Se conserva; los agregados muestran el número de equipos.,H07,propuesto
query.Codigo_EQU.01,query,Codigo_EQU,Codigo_EQU no es nulo,"36 filas (0.2%); indicadores con más casos: Regulatorio: 32, Adopción controles ciberseguridad: 4",36,0.0024,La medición no se puede atribuir a ningún equipo.,excluir,Sin llave de equipo no hay imputación confiable.,H01,propuesto
query.Codigo_EQU.02,query,Codigo_EQU,Codigo_EQU con formato AAA00000,"325 filas (2.1%); indicadores con más casos: Frente Micro: 172, Frente Macro: 152",325,0.0214,El mismo equipo aparece como dos y no cruza con el catálogo.,corregir,"Mayúsculas y 5 dígitos (Equ00074 -> EQU00074, EQU0024 -> EQU00024).",H04,propuesto
query.Codigo_EQU.03,query,Codigo_EQU,Codigo_EQU existe en catalogo_entornos,"1473 filas (9.7%); indicadores con más casos: Percepción: 320, Adopción: 203",1473,0.097,Estas filas no se pueden agregar por entorno.,marcar,Asignar 'Sin entorno'; se mantienen en análisis por equipo y frente.,"H18, H22",propuesto
query.Codigo_EQU.04,query,Codigo_EQU,El padre del equipo es un entorno real (no comodín 'sin Entorno'),"205 filas (1.3%); indicadores con más casos: Percepción: 44, Disponibilidad: 38",205,0.0135,El catálogo reconoce que no tienen entorno.,marcar,Se agrupan con 'Sin entorno'.,H21,propuesto
query.Codigo_EQU.05,query,Codigo_EQU,El padre del equipo es un entorno (ENX) y no una vicepresidencia (VPX),"2013 filas (13.3%); indicadores con más casos: Percepción: 423, Disponibilidad: 312",2013,0.1325,Mezcla niveles jerárquicos en la misma columna.,marcar,"'Sin entorno' en la vista de entornos, conservando la vicepresidencia para su propia lectura.",H21,aprobado
query.EQU.01,query,EQU,EQU no es nulo,"6185 filas (40.7%); indicadores con más casos: Percepción: 2584, Disponibilidad: 1024",6185,0.4072,Solo afecta la lectura; el código es la llave.,corregir,Completar desde el catálogo o desde otras filas del mismo código.,"H01, H08",propuesto
query.Indicador.01,query,Indicador,Indicador documentado en catalogo_indicadores,"8267 filas (54.4%); indicadores con más casos: Percepción: 3560, Adopción: 1369",8267,0.5443,Sin definición oficial de unidad ni sentido.,marcar,Se incorpora a dim_indicador con la regla inferida en el EDA como supuesto explícito.,H09,propuesto
query.Indicador.02,query,Indicador,"Indicador medido en más de un corte (Gestión del Gasto, Jaws de Ciclo: solo 202308)","31 filas (0.2%); indicadores con más casos: Gestión del Gasto: 20, Jaws de Ciclo: 11",31,0.002,Sin historia no aporta a tendencias; Gestión del Gasto trae resultados en otra unidad.,marcar,Se conserva en processed y no entra al puntaje.,"H13, H17",propuesto
query.Resultado.01,query,Resultado,Resultado no es nulo cuando hay Cumplimiento,"260 filas (1.7%); indicadores con más casos: Disponibilidad: 100, Frente Micro: 55",260,0.0171,No se puede auditar el cumplimiento.,aceptar,El cumplimiento reportado es la cifra oficial.,H01,propuesto
query.Meta.01,query,Meta,Meta positiva en indicadores tipo ratio,86 filas (0.6%); indicadores con más casos: Regulatorio: 86,86,0.0057,Resultado/Meta no tiene sentido.,marcar,Se usa el cumplimiento reportado.,H05,propuesto
query.Meta.02,query,Meta,Meta en una sola unidad por indicador (Índice AQR's mezcla cientos y millones),188 filas (1.2%); indicadores con más casos: Índice AQR's: 188,188,0.0124,Resultado y Meta no comparables entre periodos.,marcar,Se usa el cumplimiento reportado (tabla escalonada).,H16,propuesto
query.Meta.03,query,Meta,Escala de encuesta estable (Percepción/Adopción: meta 10 → 4 → 5),"2732 filas (18.0%); indicadores con más casos: Percepción: 1464, Adopción: 1268",2732,0.1799,Puntajes de distintos años no comparables directamente.,marcar,La normalización Resultado/Meta absorbe el cambio.,H16,propuesto
query.Cumplimiento.01,query,Cumplimiento,Cumplimiento no es nulo (recuperable con Resultado y Meta),"59 filas (0.4%); indicadores con más casos: Regulatorio: 54, Incidentes: 3",59,0.0039,Se perderían mediciones recuperables.,corregir,Recalcular con la fórmula del indicador.,H01,propuesto
query.Cumplimiento.02,query,Cumplimiento,Cumplimiento no es nulo (sin forma de recalcularlo),"206 filas (1.4%); indicadores con más casos: Incidentes: 67, Vulnerabilidades: 60",206,0.0136,Medición no evaluable.,excluir,No hay valor observado ni forma de reconstruirlo.,H01,propuesto
query.Cumplimiento.03,query,Cumplimiento,Cumplimiento en la misma escala que el resto (encuestas reportan puntaje bruto),"5498 filas (36.2%); indicadores con más casos: Percepción: 3560, Adopción: 1369",5498,0.362,Promediar tal cual favorece 4x a equipos medidos por encuesta.,corregir,Normalizar como Resultado/Meta.,H14,propuesto
query.Cumplimiento.04,query,Cumplimiento,Cumplimiento no es un valor copiado (1.014683),"529 filas (3.5%); indicadores con más casos: Disponibilidad: 387, Incidentes: 141",529,0.0348,"Valor por defecto, no medición: sesga Disponibilidad e Incidentes.",marcar,Se conserva en processed y no entra al puntaje.,H17,propuesto
query.Cumplimiento.05,query,Cumplimiento,Cumplimiento dentro del rango del indicador (Incidentes 202408 = 155.42 en 19 equipos),19 filas (0.1%); indicadores con más casos: Incidentes: 19,19,0.0013,Un solo valor extremo domina cualquier promedio.,marcar,Se conserva en processed y no entra al puntaje.,"H15, H17",propuesto
query.Cumplimiento.06,query,Cumplimiento,Cumplimiento reproducible con la fórmula del indicador (resto de casos),"605 filas (4.0%); indicadores con más casos: Brecha Ingresos Gastos: 216, Vulnerabilidades: 142",605,0.0398,No se puede auditar el valor reportado.,aceptar,Se usa el cumplimiento reportado (cifra oficial) y se marca.,H17,propuesto
catalogo_indicadores.Frente.01,catalogo_indicadores,Frente,Frente escrito sin errores ('Modeos de trabajo y Agilidad'),2 filas del catálogo,2,,El catálogo oficial replica el error de los datos.,corregir,Homologar a 'Modelos de trabajo y Agilidad'.,H11,propuesto
catalogo_indicadores.Indicador.01,catalogo_indicadores,Indicador,Nombre igual al de los datos,Perdida esperada por fraude,1,,Un cruce exacto falla.,corregir,"Cruzar con nombre normalizado (minúsculas, sin tildes).",H09,propuesto
catalogo_indicadores.Indicador.02,catalogo_indicadores,Indicador,Indicador del catálogo con mediciones,"Adopción de la metodologia, Productividad",2,,Documentación desactualizada o renombrada.,aceptar,No afecta el cálculo; se reporta para actualizar el catálogo.,H10,propuesto
catalogo_entornos.Codigo_EQU.01,catalogo_entornos,Codigo_EQU,Equipo del catálogo con mediciones,EQU00023,1,,Equipo vigente sin seguimiento.,aceptar,Se reporta; no altera métricas.,H19,propuesto
catalogo_entornos.Codigo_Padre.01,catalogo_entornos,Codigo_Padre,Padre es un entorno (ENX),14 equipos con padre VPX o comodín 'sin Entorno',14,,La columna mezcla niveles jerárquicos.,marcar,Agregar tipo_padre (entorno / vicepresidencia / sin entorno).,H21,aprobado
