Indicador,frente,filas,en_catalogo,unidad,definicion,primer_corte,ultimo_corte,cortes,equipos,filas_evaluables,formula_inferida,tope_inferido,sentido_inferido,pct_explicado_formula,pct_explicado_alguna,meta_min,meta_max,cumpl_mediana,cumpl_valores_distintos,observacion
Adopción controles ciberseguridad,Excelencia operativa,791,True,Porcentaje,Nivel de implementación de los controles de ciberseguridad en las EVCs.,202309,202608,35,54,789,ratio,sin_tope,mayor es mejor,0.977,0.977,0.9,0.91,1.0989,140,Fórmula reproducible
Cierre de vulnerabilidades,Excelencia operativa,617,True,Porcentaje,Refleja la medición de los cierres de vulnerabilidades críticas y altas recategorizadas por riesgos a partir de los ciclos regulatorios de vulnerabilidades.,202501,202608,17,49,587,ratio,sin_tope,mayor es mejor,1.0,1.0,0.85,0.85,1.1659,236,Fórmula reproducible
"Impactos a clientes activos por fricciones, quejas y requerimientos",Excelencia operativa,142,False,,,202601,202608,8,18,142,escala,sin_tope,escala,0.81,0.845,-0.2,-0.2,1.2,29,Resultado ya viene expresado como cumplimiento
Pérdida esperada por fraude,Excelencia operativa,417,True,Porcentaje,"Medir y controlar la pérdida esperada por riesgo operacional atribuible al fraude, estableciendo umbrales y límites por producto/canal (Grupo de Riesgo) para promover la contención de pérdidas dentro de niveles definidos por el apetito y tolerancia al riesgo.",202601,202608,8,54,417,escalonada,no aplica,no inferible,0.254,0.254,0.013,0.013,0.71,6,Probable tabla escalonada: usar cumplimiento reportado
Índice AQR's,Excelencia operativa,296,True,Cantidad,Medir la disminución de AQRs que ingresan generados por EVC.,202407,202512,18,18,283,escalonada,no aplica,no inferible,0.396,0.555,0.0643,15627925.0,0.8,5,Probable tabla escalonada: usar cumplimiento reportado
ICX,Experiencia,199,True,Escala,"Evalúa la calidad de la experiencia en las interacciones con canales, productos, servicios y equipos comerciales, lo que determina el nivel de cumplimiento de los objetivos para los cuales se han desplegado actividades concretas.",202601,202607,7,26,191,ratio,sin_tope,mayor es mejor,0.995,0.995,3.8,4.8282,1.0,155,Fórmula reproducible
Brecha Ingresos Gastos,Financiero,268,False,,,202401,202509,18,20,268,uno_menos_diferencia,tope_1_2,menor es mejor,0.194,0.396,-1.7707,1.4031,1.0,129,Fórmula parcialmente reproducible: revisar filas no explicadas
Cumplimiento presupuestal,Financiero,324,False,,,202501,202509,9,36,324,ratio,tope_1_2,mayor es mejor,1.0,1.0,1.0,1.0,0.971,215,Fórmula reproducible
Ejecución Presupuestal,Financiero,341,False,,,202401,202409,9,38,341,ratio,sin_tope,mayor es mejor,1.0,1.0,1.0,1.0,0.8912,339,Fórmula reproducible
Frente Macro,Financiero,427,True,Porcentaje,Mide la salud financiera total de los productos dentro de la EVC; aplica a aquellas EVCs de productos y segmentos.,202308,202512,14,88,354,ratio,sin_tope,mayor es mejor,0.932,0.935,1.0,1.0,1.0003,154,Fórmula reproducible
Frente Micro,Financiero,700,True,Porcentaje,Mide el estado de los temas orientados a las prioridades estratégicas definidas; agrupa diversos inductores que los temas contienen para su medición.,202308,202606,18,113,631,ratio,sin_tope,mayor es mejor,0.945,0.945,1.0,1.0,1.0306,322,Fórmula reproducible
Gestión del Gasto,Financiero,20,False,,,202308,202308,1,20,20,uno_menos_diferencia,sin_tope,menor es mejor,1.0,1.0,-0.7807,2.7851,0.8673,20,Indicador de un solo corte: poco útil para tendencia
Jaws de Ciclo,Financiero,11,False,,,202308,202308,1,11,11,uno_mas_diferencia,sin_tope,mayor es mejor,1.0,1.0,-0.1587,0.3028,0.9496,11,Indicador de un solo corte: poco útil para tendencia
Adopción,Modelos de trabajo y Agilidad / Talento + Agilidad,1368,False,,,202301,202502,25,71,1368,escala,sin_tope,escala,1.0,1.0,4.0,10.0,4.61,209,Puntaje de escala (encuesta): requiere normalizar contra la meta
Percepción,Modelos de trabajo y Agilidad / Talento + Agilidad,2338,False,,,202301,202502,25,73,2338,escala,sin_tope,escala,1.0,1.0,4.0,10.0,4.3889,319,Puntaje de escala (encuesta): requiere normalizar contra la meta
Talento + Agilidad,Modelos de trabajo y Agilidad / Talento + Agilidad,569,False,,,202412,202509,8,68,569,escala,sin_tope,escala,1.0,1.0,5.0,5.0,4.5296,189,Puntaje de escala (encuesta): requiere normalizar contra la meta
Calidad estructura funcional,Modeos de trabajo y Agilidad,417,True,Porcentaje,Evalúa los ítems que determinan la calidad de la Estructura Funcional.,202601,202608,8,57,417,ratio,sin_tope,mayor es mejor,1.0,1.0,0.98,0.98,1.0204,110,Fórmula reproducible
Regulatorio,Regulatorio,641,True,Porcentaje,"Orienta a la organización hacia el cumplimiento de la prioridad número 1 y fortalece la supervisión de los compromisos regulatorios. Una gestión sólida y sostenible del riesgo de Cumplimiento Normativo es esencial para sostener la confianza, la reputación y la excelencia operacional, evitando sanciones y protegiendo el ROE.",202310,202606,32,49,584,ratio,tope_1,mayor es mejor,0.954,0.997,0.0,37.0,1.0,40,Fórmula reproducible
Apps modernizadas,TI,103,False,,,202501,202509,9,12,103,ratio,tope_1_2,mayor es mejor,1.0,1.0,1.0,5.0,1.0,5,Fórmula reproducible
Disponibilidad,TI,1343,True,Porcentaje,Refleja el nivel de disponibilidad por cada EVC.,202309,202608,32,58,1243,ratio,sin_tope,mayor es mejor,0.767,0.768,0.95,0.9998,1.0059,939,Fórmula parcialmente reproducible: revisar filas no explicadas
Incidentes,TI,588,False,,,202309,202412,15,54,483,ratio,sin_tope,mayor es mejor,0.468,0.478,0.905,0.971,1.0147,249,Fórmula parcialmente reproducible: revisar filas no explicadas
Madurez de las aplicaciones,TI,116,True,Porcentaje,"Permite medir la madurez tecnológica de cada aplicación y EVC del grupo, habilitando controles de transformación cuando se superan umbrales mínimos de madurez.",202606,202608,3,40,116,ratio,sin_tope,mayor es mejor,1.0,1.0,0.5033,1.0,0.6134,106,Fórmula reproducible
Neon,TI,104,False,,,202309,202312,3,35,103,ratio,sin_tope,mayor es mejor,1.0,1.0,0.75,0.75,1.0127,68,Fórmula reproducible
Obsolescencia,TI,257,False,,,202501,202509,9,39,257,inverso,tope_1_2,menor es mejor,0.981,0.992,0.0,45.9,1.12,82,Fórmula reproducible
Vulnerabilidades,TI,609,False,,,202309,202412,15,54,532,ratio,sin_tope,mayor es mejor,0.731,0.731,0.85,0.85,1.0078,368,Fórmula parcialmente reproducible: revisar filas no explicadas
